JAMES1@test.com,"15 Poplar St.Latrobe, PA 15650"
JOHN2@test.com,"380 West Bald Hill St.Greensburg, PA 15601"
ROBERT3@test.com,"55 Studebaker StreetPowder Springs, GA 30127"
MICHAEL4@test.com,"958 Fairground StreetApopka, FL 32703"
MARY5@test.com,"9441 Del Monte RoadCuyahoga Falls, OH 44221"
WILLIAM6@test.com,"49 University Ave.Bartlett, IL 60103"
DAVID7@test.com,"971 Argyle DriveHopkinsville, KY 42240"
RICHARD8@test.com,"5 Fordham AvenueFremont, OH 43420"
CHARLES9@test.com,"8303 Forest St.Saint Paul, MN 55104"
JOSEPH10@test.com,"126 South St.Marlton, NJ 08053"
THOMAS11@test.com,"8803 High StreetTupelo, MS 38801"
PATRICIA12@test.com,"8924 Chestnut Dr.Dracut, MA 01826"
CHRISTOPHER13@test.com,"536 N. George St.Woburn, MA 01801"
LINDA14@test.com,"201 Pennington Dr.Granger, IN 46530"
BARBARA15@test.com,"607 Arcadia StreetLatrobe, PA 15650"
DANIEL16@test.com,"9858 Henry Smith Rd.Lemont, IL 60439"
PAUL17@test.com,"584 SE. Lakeshore St.Matthews, NC 28104"
MARK18@test.com,"34 Park Dr.Parsippany, NJ 07054"
ELIZABETH19@test.com,"358 Old Market Ave.Marlborough, MA 01752"
DONALD20@test.com,"97 Tallwood Dr.Owensboro, KY 42301"
JENNIFER21@test.com,"9207 North Kirkland Dr.Independence, KY 41051"
GEORGE22@test.com,"92 Marvon Rd.Yuba City, CA 95993"
MARIA23@test.com,"8257 Sherwood Dr.Lenoir, NC 28645"
KENNETH24@test.com,"1 Rock Maple Ave.Tuckerton, NJ 08087"
SUSAN25@test.com,"227 Birchpond DriveSandusky, OH 44870"
STEVEN26@test.com,"3 E. Hilldale Rd.West Bloomfield, MI 48322"
EDWARD27@test.com,"8062 Rockledge St.Macungie, PA 18062"
MARGARET28@test.com,"338 E. East Ave.Annandale, VA 22003"
BRIAN29@test.com,"91 New Saddle Ave.Hudsonville, MI 49426"
RONALD30@test.com,"82 Armstrong St.Ann Arbor, MI 48103"
DOROTHY31@test.com,"9428 Homewood Dr.Indian Trail, NC 28079"
ANTHONY32@test.com,"53 Temple Dr.Hoffman Estates, IL 60169"
LISA33@test.com,"962 W. Brook CourtElmont, NY 11003"
KEVIN34@test.com,"73 1st StreetVilla Rica, GA 30180"
NANCY35@test.com,"119 Indian Summer CourtAtlantic City, NJ 08401"
KAREN36@test.com,"7566 Addison StreetPittsfield, MA 01201"
BETTY37@test.com,"429 East Lexington St.Williamsport, PA 17701"
HELEN38@test.com,"62 Hilltop Dr.Clarkston, MI 48348"
JASON39@test.com,"129 Jackson Dr.Waukesha, WI 53186"
MATTHEW40@test.com,"97 Railroad StreetOrlando, FL 32806"
GARY41@test.com,"19 Madison Ave.Council Bluffs, IA 51501"
TIMOTHY42@test.com,"1 Joy Ridge Dr.Muskego, WI 53150"
SANDRA43@test.com,"9296 Marconi DriveFenton, MI 48430"
JOSE44@test.com,"249 Orchard St.Clifton Park, NY 12065"
LARRY45@test.com,"8040 Foster Ave.Massapequa, NY 11758"
JEFFREY46@test.com,"9382 N. Brook DriveCharlottesville, VA 22901"
FRANK47@test.com,"92 Canal LaneNew Orleans, LA 70115"
DONNA48@test.com,"830 Boston Ave.Greenfield, IN 46140"
CAROL49@test.com,"77 S. 53rd LaneKalamazoo, MI 49009"
RUTH50@test.com,"7716 Rock Maple St.South Lyon, MI 48178"
SCOTT51@test.com,"483 Brickyard StreetStevens Point, WI 54481"
ERIC52@test.com,"4 Longfellow StreetNorth Bergen, NJ 07047"
STEPHEN53@test.com,"326 St Louis St.Oak Lawn, IL 60453"
ANDREW54@test.com,"9929 Union Dr.New Castle, PA 16101"
SHARON55@test.com,"9 Front Ave.Hallandale, FL 33009"
MICHELLE56@test.com,"167 Squaw Creek Ave.Kokomo, IN 46901"
LAURA57@test.com,"274 Gulf St.New City, NY 10956"
SARAH58@test.com,"950 Greystone CourtFairport, NY 14450"
KIMBERLY59@test.com,"59 Sierra St.Lenoir, NC 28645"
DEBORAH60@test.com,"673 W. North StreetKenosha, WI 53140"
JESSICA61@test.com,"241 Sussex Ave.Shrewsbury, MA 01545"
RAYMOND62@test.com,"327 Princess Ave.Dacula, GA 30019"
SHIRLEY63@test.com,"98 SE. Bridgeton Ave.Burlington, MA 01803"
CYNTHIA64@test.com,"8288 Green StreetEl Dorado, AR 71730"
ANGELA65@test.com,"591 Vine RoadDepew, NY 14043"
MELISSA66@test.com,"8 Green LaneJersey City, NJ 07302"
BRENDA67@test.com,"83 Oxford St.Raleigh, NC 27603"
AMY68@test.com,"242 Brickyard DriveOwosso, MI 48867"
JERRY69@test.com,"793 Cooper Ave.Marlborough, MA 01752"
GREGORY70@test.com,"149 Foster St.Woodside, NY 11377"
ANNA71@test.com,"3 Princess Rd.Waukegan, IL 60085"
JOSHUA72@test.com,"7154 N. Hill Ave.Bethesda, MD 20814"
VIRGINIA73@test.com,"350 Cedar AvenueNaugatuck, CT 06770"
REBECCA74@test.com,"8697 Foster Ave.Westport, CT 06880"
KATHLEEN75@test.com,"82 Brewery Ave.Suitland, MD 20746"
DENNIS76@test.com,"8385 Beech St.Frankfort, KY 40601"
PAMELA77@test.com,"182 Lake Forest AvenueUnion City, NJ 07087"
MARTHA78@test.com,"644 Annadale Ave.Parlin, NJ 08859"
DEBRA79@test.com,"421 Woodsman Dr.Leland, NC 28451"
AMANDA80@test.com,"88 East William Rd.West Chester, PA 19380"
WALTER81@test.com,"8164 Brickyard St.Mcdonough, GA 30252"
STEPHANIE82@test.com,"949 Talbot Ave.Potomac, MD 20854"
WILLIE83@test.com,"29 Hawthorne St.Hinesville, GA 31313"
PATRICK84@test.com,"7647 Bellevue St.Duarte, CA 91010"
TERRY85@test.com,"79 Walnut CourtGrosse Pointe, MI 48236"
CAROLYN86@test.com,"799 Purple Finch CourtParamus, NJ 07652"
PETER87@test.com,"601 E. Rockland DriveRahway, NJ 07065"
CHRISTINE88@test.com,"9438 Hamilton LaneLilburn, GA 30047"
MARIE89@test.com,"5 Pendergast AvenueKissimmee, FL 34741"
JANET90@test.com,"8714 Gonzales Rd.Mcallen, TX 78501"
FRANCES91@test.com,"7902 South Poor House St.Rockledge, FL 32955"
CATHERINE92@test.com,"316 West Edgefield StreetMundelein, IL 60060"
HAROLD93@test.com,"967 Ridge Ave.Iowa City, IA 52240"
HENRY94@test.com,"8019 South West LaneClarksville, TN 37040"
DOUGLAS95@test.com,"865 E. Devon Ave.Manchester, NH 03102"
JOYCE96@test.com,"593 High StreetJackson Heights, NY 11372"
ANN97@test.com,"693 West Poplar St.Riverdale, GA 30274"
DIANE98@test.com,"22 Ridgeview St.Tiffin, OH 44883"
ALICE99@test.com,"8973 Ridgewood DriveMount Juliet, TN 37122"
JEAN100@test.com,"352 N. Myers StreetGettysburg, PA 17325"
JULIE101@test.com,"949 Greystone LaneOklahoma City, OK 73112"
CARL102@test.com,"2 4th CourtAnaheim, CA 92806"
KELLY103@test.com,"9030 Victoria Ave.Oshkosh, WI 54901"
HEATHER104@test.com,"887 Roehampton Ave.Allison Park, PA 15101"
ARTHUR105@test.com,"7432 Third LaneWarren, MI 48089"
TERESA106@test.com,"47 Railroad Dr.Wisconsin Rapids, WI 54494"
GLORIA107@test.com,"375 Leatherwood RoadWestminster, MD 21157"
DORIS108@test.com,"212 Lyme Ave.Marietta, GA 30008"
RYAN109@test.com,"8161 Shipley LaneEaston, PA 18042"
JOE110@test.com,"8550 N. Atlantic StreetChelsea, MA 02150"
ROGER111@test.com,"8765 Oakwood AvenueStaten Island, NY 10301"
EVELYN112@test.com,"888 Princeton StreetConcord, NH 03301"
JUAN113@test.com,"67 Eagle StreetMorgantown, WV 26508"
ASHLEY114@test.com,"6 Grandrose St.Carpentersville, IL 60110"
JACK115@test.com,"40 N. Hilltop Ave.New Baltimore, MI 48047"
CHERYL116@test.com,"528 Woodside Ave.Hagerstown, MD 21740"
ALBERT117@test.com,"8052 Peninsula St.Hartsville, SC 29550"
JOAN118@test.com,"5 Mulberry DriveSmyrna, GA 30080"
MILDRED119@test.com,"715 Marconi CircleSavage, MN 55378"
KATHERINE120@test.com,"9620 N. Lancaster StreetGarden City, NY 11530"
JUSTIN121@test.com,"509 Chestnut St.Rome, NY 13440"
JONATHAN122@test.com,"204 Poor House Dr.Horn Lake, MS 38637"
GERALD123@test.com,"8687 Central StreetGriffin, GA 30223"
KEITH124@test.com,"943 Oak Valley LaneDes Plaines, IL 60016"
SAMUEL125@test.com,"489 N. Garden StreetBayside, NY 11361"
JUDITH126@test.com,"8100 Yukon DriveHamilton, OH 45011"
ROSE127@test.com,"97 Berkshire St.Ashtabula, OH 44004"
JANICE128@test.com,"9 South New StreetCape Coral, FL 33904"
LAWRENCE129@test.com,"44 Grant DriveHerndon, VA 20170"
RALPH130@test.com,"9591 Cactus Ave.Niles, MI 49120"
NICOLE131@test.com,"168 Gregory St.Hoffman Estates, IL 60169"
JUDY132@test.com,"52 Lantern St.New Windsor, NY 12553"
NICHOLAS133@test.com,"21 Oak Meadow Ave.Dunedin, FL 34698"
CHRISTINA134@test.com,"7391 Ridgewood Ave.Lititz, PA 17543"
ROY135@test.com,"8668 Central RoadGrosse Pointe, MI 48236"
KATHY136@test.com,"754 Williams St.West Hempstead, NY 11552"
THERESA137@test.com,"997 Glenwood Rd.Alabaster, AL 35007"
BENJAMIN138@test.com,"7354 West Locust RoadAppleton, WI 54911"
BEVERLY139@test.com,"8899 Ridgeview AvenueClifton Park, NY 12065"
DENISE140@test.com,"7743 South Jefferson Ave.Gloucester, MA 01930"
BRUCE141@test.com,"34 Snake Hill Dr.Fair Lawn, NJ 07410"
BRANDON142@test.com,"56C North Marlborough St.Derry, NH 03038"
ADAM143@test.com,"5 Stillwater St.Grand Island, NE 68801"
TAMMY144@test.com,"3 Meadow St.Amityville, NY 11701"
IRENE145@test.com,"432 Glenholme Ave.Oak Park, MI 48237"
FRED146@test.com,"45 Glendale St.Winter Haven, FL 33880"
BILLY147@test.com,"4 Colonial LaneNew Windsor, NY 12553"
HARRY148@test.com,"3 Fieldstone StreetDubuque, IA 52001"
JANE149@test.com,"8704 Amherst St.Wantagh, NY 11793"
WAYNE150@test.com,"51 Studebaker St.Huntington Station, NY 11746"
LOUIS151@test.com,"48 Windfall StreetRiverview, FL 33569"
LORI152@test.com,"9041 West Mulberry LaneGrand Blanc, MI 48439"
STEVE153@test.com,"9063 Williams LaneHicksville, NY 11801"
TRACY154@test.com,"17 Railroad Ave.Northville, MI 48167"
JEREMY155@test.com,"5 E. Warren RoadSanford, NC 27330"
RACHEL156@test.com,"825 Lake StreetChattanooga, TN 37421"
ANDREA157@test.com,"85 Race St.Peoria, IL 61604"
AARON158@test.com,"396 North Broad LaneNorth Haven, CT 06473"
MARILYN159@test.com,"8055 Liberty St.Bristow, VA 20136"
ROBIN160@test.com,"37 Jones Dr.Doylestown, PA 18901"
RANDY161@test.com,"865 N. Cedar St.Lanham, MD 20706"
LESLIE162@test.com,"8292 Hilldale St.Royal Oak, MI 48067"
KATHRYN163@test.com,"8985 Tower LaneJamaica Plain, MA 02130"
EUGENE164@test.com,"20 Adams StreetGlendale Heights, IL 60139"
BOBBY165@test.com,"50 Bellevue Ave.Appleton, WI 54911"
HOWARD166@test.com,"9871 S. Buckingham CourtKnoxville, TN 37918"
CARLOS167@test.com,"67 Piper St.Milledgeville, GA 31061"
SARA168@test.com,"342 8th LaneSulphur, LA 70663"
LOUISE169@test.com,"4 Big Rock Cove DriveCorpus Christi, TX 78418"
JACQUELINE170@test.com,"419 Hilltop StreetTrumbull, CT 06611"
ANNE171@test.com,"18 Sunnyslope Ave.La Porte, IN 46350"
WANDA172@test.com,"39 Morris Dr.Saint Petersburg, FL 33702"
RUSSELL173@test.com,"77 John St.Laurel, MD 20707"
SHAWN174@test.com,"498 Country Club Rd.Leesburg, VA 20175"
VICTOR175@test.com,"9447 4th St.Appleton, WI 54911"
JULIA176@test.com,"8166 Lafayette DriveElizabethton, TN 37643"
BONNIE177@test.com,"85 Euclid St.Middle Village, NY 11379"
RUBY178@test.com,"808 W. High Rd.Lexington, NC 27292"
CHRIS179@test.com,"84 Garfield St.Statesville, NC 28625"
TINA180@test.com,"1 South Sunbeam Rd.Urbandale, IA 50322"
LOIS181@test.com,"6 Orange Rd.Clifton Park, NY 12065"
PHYLLIS182@test.com,"63 East Oak Valley Dr.Grove City, OH 43123"
JAMIE183@test.com,"822 Greystone Dr.Sacramento, CA 95820"
NORMA184@test.com,"66 South Heather StreetTacoma, WA 98444"
MARTIN185@test.com,"8843 Newbridge St.Hilliard, OH 43026"
PAULA186@test.com,"696 Wild Horse Rd.Winter Haven, FL 33880"
JESSE187@test.com,"88 Thatcher CourtLatrobe, PA 15650"
DIANA188@test.com,"9123 E. Border St.Yuba City, CA 95993"
ANNIE189@test.com,"804 Liberty Ave.Lutherville Timonium, MD 21093"
SHANNON190@test.com,"9 Park DriveWest Haven, CT 06516"
ERNEST191@test.com,"50 S. School St.West Fargo, ND 58078"
TODD192@test.com,"210 Sunset St.Enfield, CT 06082"
PHILLIP193@test.com,"8345 Garfield St.Wisconsin Rapids, WI 54494"
LEE194@test.com,"8841 Wilson Ave.Tualatin, OR 97062"
LILLIAN195@test.com,"10 Smoky Hollow DriveCheshire, CT 06410"
PEGGY196@test.com,"9492 Primrose St.Athens, GA 30605"
EMILY197@test.com,"9178 Orange CourtSykesville, MD 21784"
CRYSTAL198@test.com,"753 Plumb Branch St.Harrisonburg, VA 22801"
KIM199@test.com,"815 Lookout LaneIthaca, NY 14850"
CRAIG200@test.com,"7310 Goldfield DrivePort Charlotte, FL 33952"
CARMEN201@test.com,"9489 Shore StreetElkton, MD 21921"
GLADYS202@test.com,"489 Middle River LaneSpringboro, OH 45066"
CONNIE203@test.com,"9295 Wood Ave.Pottstown, PA 19464"
RITA204@test.com,"145 South Lawrence Ave.Jupiter, FL 33458"
ALAN205@test.com,"79 Young StreetNorth Attleboro, MA 02760"
DAWN206@test.com,"61 Kirkland CourtSouth Lyon, MI 48178"
FLORENCE207@test.com,"87 Halifax St.Woodhaven, NY 11421"
DALE208@test.com,"7538 Pierce St.Buffalo, NY 14215"
SEAN209@test.com,"2 Amherst St.Berwyn, IL 60402"
FRANCIS210@test.com,"3 Lawrence St.Sicklerville, NJ 08081"
JOHNNY211@test.com,"30 Cemetery CourtGranger, IN 46530"
CLARENCE212@test.com,"7978 Wellington Ave.Richmond, VA 23223"
PHILIP213@test.com,"5 Rockland Ave.Paterson, NJ 07501"
EDNA214@test.com,"872 South Tunnel StreetHolbrook, NY 11741"
TIFFANY215@test.com,"1 Old Cooper St.Salt Lake City, UT 84119"
TONY216@test.com,"829 South Warren St.Mount Holly, NJ 08060"
ROSA217@test.com,"8469 Shirley St.Ozone Park, NY 11417"
JIMMY218@test.com,"7596 Oxford LaneRocklin, CA 95677"
EARL219@test.com,"9 Lake View StreetCamas, WA 98607"
CINDY220@test.com,"24 East Court Rd.Bakersfield, CA 93306"
ANTONIO221@test.com,"982 Jackson St.Highland, IN 46322"
LUIS222@test.com,"8626 South Lexington StreetOcoee, FL 34761"
MIKE223@test.com,"33 Beaver Ridge St.North Royalton, OH 44133"
DANNY224@test.com,"33 Ivy Rd.Buckeye, AZ 85326"
BRYAN225@test.com,"73 Ryan St.Monroeville, PA 15146"
GRACE226@test.com,"726 Green Lake Rd.Ypsilanti, MI 48197"
STANLEY227@test.com,"286 Old Brook LaneRonkonkoma, NY 11779"
LEONARD228@test.com,"7289 Princess StreetSouth Bend, IN 46614"
WENDY229@test.com,"70 Brandywine Ave.Clarkston, MI 48348"
NATHAN230@test.com,"8124 S. Ann St.New Castle, PA 16101"
MANUEL231@test.com,"7468 Lower River St.Washington, PA 15301"
CURTIS232@test.com,"7648 W. Swanson LaneNorth Fort Myers, FL 33917"
VICTORIA233@test.com,"7690 Pumpkin Hill St.Tucson, AZ 85718"
RODNEY234@test.com,"3C Cherry Rd.Marietta, GA 30008"
NORMAN235@test.com,"365 Brandywine StreetPompano Beach, FL 33060"
EDITH236@test.com,"537 Homestead CourtOsseo, MN 55311"
SHERRY237@test.com,"7660 Beechwood Ave.West Bend, WI 53095"
SYLVIA238@test.com,"710 Madison DriveWinona, MN 55987"
JOSEPHINE239@test.com,"464 West Creekside StreetStreamwood, IL 60107"
ALLEN240@test.com,"75 Park LaneShirley, NY 11967"
THELMA241@test.com,"4 Southampton St.Fayetteville, NC 28303"
SHEILA242@test.com,"959 N. Carpenter Ave.Mount Airy, MD 21771"
ETHEL243@test.com,"7600 Magnolia DriveLansdale, PA 19446"
MARJORIE244@test.com,"7284 N. North Dr.Canton, GA 30114"
LYNN245@test.com,"739 Indian Summer StreetFranklin Square, NY 11010"
ELLEN246@test.com,"298 Lees Creek CourtLos Angeles, CA 90008"
ELAINE247@test.com,"283 Highland LaneFond Du Lac, WI 54935"
MARVIN248@test.com,"66 Locust StreetWinter Park, FL 32792"
CARRIE249@test.com,"8 Maple StreetLong Beach, NY 11561"
MARION250@test.com,"718 Green St.Neptune, NJ 07753"
CHARLOTTE251@test.com,"15 Alderwood St.Fairburn, GA 30213"
VINCENT252@test.com,"836 S. Jones Ave.Saginaw, MI 48601"
GLENN253@test.com,"237 Rocky River Ave.Peoria, IL 61604"
TRAVIS254@test.com,"86 Lafayette LaneDrexel Hill, PA 19026"
MONICA255@test.com,"59 Sunnyslope StreetClinton, MD 20735"
JEFFERY256@test.com,"4 Devon St.Los Banos, CA 93635"
JEFF257@test.com,"103 Bay Meadows Dr.Streamwood, IL 60107"
ESTHER258@test.com,"22 Lower River Dr.Woodside, NY 11377"
PAULINE259@test.com,"299 Grove Rd.Selden, NY 11784"
JACOB260@test.com,"11 Academy DriveClemmons, NC 27012"
EMMA261@test.com,"68 Brook StreetMuskego, WI 53150"
CHAD262@test.com,"8331 Bay St.Lynchburg, VA 24502"
KYLE263@test.com,"11 S. Pennsylvania StreetEvansville, IN 47711"
JUANITA264@test.com,"69 Lake Forest St.Perrysburg, OH 43551"
DANA265@test.com,"288 Philmont Ave.Ballston Spa, NY 12020"
MELVIN266@test.com,"82 Deerfield Ave.Egg Harbor Township, NJ 08234"
JESSIE267@test.com,"7536 Elizabeth LaneGreen Cove Springs, FL 32043"
RHONDA268@test.com,"524 Arlington AvenueWebster, NY 14580"
ANITA269@test.com,"8 Bear Hill StreetPaducah, KY 42001"
ALFRED270@test.com,"614 E. Willow St.Glendora, CA 91740"
HAZEL271@test.com,"8229 Oxford RoadWaxhaw, NC 28173"
AMBER272@test.com,"9011 Monroe StreetBuffalo Grove, IL 60089"
EVA273@test.com,"52 Temple St.Bridgewater, NJ 08807"
BRADLEY274@test.com,"865 Hanover CourtBurnsville, MN 55337"
RAY275@test.com,"6 E. Goldfield LaneSpringfield, PA 19064"
JESUS276@test.com,"40 Arnold LaneFloral Park, NY 11001"
DEBBIE277@test.com,"80 Windsor St.Inman, SC 29349"
HERBERT278@test.com,"8461 N. Sherwood StreetFeasterville Trevose, PA 19053"
EDDIE279@test.com,"9440 Durham Dr.Kearny, NJ 07032"
JOEL280@test.com,"50 Shady StreetSaugus, MA 01906"
FREDERICK281@test.com,"8191 Overlook St.Highland Park, IL 60035"
APRIL282@test.com,"8998 Bridle DriveThibodaux, LA 70301"
LUCILLE283@test.com,"7078 George St.Mount Laurel, NJ 08054"
CLARA284@test.com,"8765 Nichols St.Logansport, IN 46947"
GAIL285@test.com,"21 Cemetery St.Winder, GA 30680"
JOANNE286@test.com,"9599 E. Grandrose St.Galloway, OH 43119"
ELEANOR287@test.com,"9766 Glen Creek Rd.Yuba City, CA 95993"
VALERIE288@test.com,"785 Myrtle Ave.Cocoa, FL 32927"
DANIELLE289@test.com,"295 Galvin CourtLombard, IL 60148"
ERIN290@test.com,"23 Greenview StreetMorton Grove, IL 60053"
EDWIN291@test.com,"273 Rock Creek RoadLynnwood, WA 98037"
MEGAN292@test.com,"65 Lafayette CircleWoodbridge, VA 22191"
ALICIA293@test.com,"9904 Grove StreetJackson Heights, NY 11372"
SUZANNE294@test.com,"99 Glenlake St.Natchez, MS 39120"
MICHELE295@test.com,"9374 Lakewood St.Hillsborough, NJ 08844"
DON296@test.com,"3 Bohemia St.Middle River, MD 21220"
BERTHA297@test.com,"608 Central St.Lawrenceville, GA 30043"
VERONICA298@test.com,"591 E. Plymouth Ave.Sidney, OH 45365"
JILL299@test.com,"9 Whitemarsh Dr.Woonsocket, RI 02895"
DARLENE300@test.com,"23 Heather StreetLos Angeles, CA 90008"
RICKY301@test.com,"9439 Foster DriveSunnyside, NY 11104"
LAUREN302@test.com,"625 Old Coffee LaneMuskogee, OK 74403"
GERALDINE303@test.com,"480 North Mill StreetValparaiso, IN 46383"
TROY304@test.com,"45 Rockland StreetOconomowoc, WI 53066"
STACY305@test.com,"978 Rockledge St.Norwalk, CT 06851"
RANDALL306@test.com,"7060 Lakeshore St.Apple Valley, CA 92307"
CATHY307@test.com,"986 Laurel LaneBristow, VA 20136"
JOANN308@test.com,"3 Princess St.Scarsdale, NY 10583"
SALLY309@test.com,"768 Indian Spring Dr.Lake Villa, IL 60046"
LORRAINE310@test.com,"7297 South Riverview CourtWest Palm Beach, FL 33404"
BARRY311@test.com,"33 Stillwater LaneAuburndale, FL 33823"
ALEXANDER312@test.com,"1 Beacon LaneWappingers Falls, NY 12590"
REGINA313@test.com,"8 Goldfield CourtMacomb, MI 48042"
JACKIE314@test.com,"783 Edgewater Rd.Erlanger, KY 41018"
ERICA315@test.com,"521 Shore StreetNampa, ID 83651"
BEATRICE316@test.com,"968 Maiden Ave.Atlantic City, NJ 08401"
DOLORES317@test.com,"8119 Schoolhouse StreetLititz, PA 17543"
BERNICE318@test.com,"229 Hawthorne LaneLeesburg, VA 20175"
MARIO319@test.com,"322 Thomas Dr.Carrollton, GA 30117"
BERNARD320@test.com,"36 Warren St.Klamath Falls, OR 97603"
AUDREY321@test.com,"184 Miles Ave.Fairfax, VA 22030"
YVONNE322@test.com,"41 Vine Rd.Chicago, IL 60621"
FRANCISCO323@test.com,"9031 St Paul Ave.Youngstown, OH 44512"
MICHEAL324@test.com,"7229 Court CircleAsbury Park, NJ 07712"
LEROY325@test.com,"343 Sugar LaneNew Port Richey, FL 34653"
JUNE326@test.com,"8985 Philmont Ave.Elk Grove Village, IL 60007"
ANNETTE327@test.com,"3 West Winding Way StreetNorth Haven, CT 06473"
SAMANTHA328@test.com,"8901 Fairview St.South Lyon, MI 48178"
MARCUS329@test.com,"52 S. Pendergast Ave.Fairmont, WV 26554"
THEODORE330@test.com,"9862 North High Ridge DriveLancaster, NY 14086"
OSCAR331@test.com,"805 Cleveland St.Brownsburg, IN 46112"
CLIFFORD332@test.com,"9953 Green Lake StreetGalloway, OH 43119"
MIGUEL333@test.com,"9744 West Riverview StreetWinston Salem, NC 27103"
JAY334@test.com,"14 Peg Shop Dr.Glen Burnie, MD 21060"
RENEE335@test.com,"429 East Trusel DriveDuarte, CA 91010"
ANA336@test.com,"512 Myers Ave.New Philadelphia, OH 44663"
VIVIAN337@test.com,"8424 Temple StreetSykesville, MD 21784"
JIM338@test.com,"9252 Ridgewood RoadCumming, GA 30040"
IDA339@test.com,"15 Elm CircleHoboken, NJ 07030"
TOM340@test.com,"756 Sutor Dr.Canandaigua, NY 14424"
RONNIE341@test.com,"8029 Valley Farms DriveBeaver Falls, PA 15010"
ROBERTA342@test.com,"3 Corona St.Fort Lauderdale, FL 33308"
HOLLY343@test.com,"317 Franklin StreetMorristown, NJ 07960"
BRITTANY344@test.com,"30 Hilldale DriveMichigan City, IN 46360"
ANGEL345@test.com,"8350 N. Harrison St.Buffalo, NY 14215"
ALEX346@test.com,"66 Riverview StreetWinston Salem, NC 27103"
MELANIE347@test.com,"9224 Alderwood St.Jackson, NJ 08527"
JON348@test.com,"703 N. Jefferson LaneBel Air, MD 21014"
YOLANDA349@test.com,"505 Garden Dr.Oak Ridge, TN 37830"
TOMMY350@test.com,"10 E. Armstrong RoadChicago Heights, IL 60411"
LORETTA351@test.com,"580 Country DriveLake Mary, FL 32746"
JEANETTE352@test.com,"7 Columbia AvenuePotomac, MD 20854"
CALVIN353@test.com,"3 Taylor LanePhoenixville, PA 19460"
LAURIE354@test.com,"531 Cherry Hill Rd.Martinsville, VA 24112"
LEON355@test.com,"39 San Carlos St.Kernersville, NC 27284"
KATIE356@test.com,"7427 Essex Ave.East Haven, CT 06512"
STACEY357@test.com,"748 North Van Dyke AvenueLinden, NJ 07036"
LLOYD358@test.com,"78 Grove St.Chicopee, MA 01020"
DEREK359@test.com,"1 Jefferson St.Janesville, WI 53546"
BILL360@test.com,"868 Oklahoma CircleVernon Rockville, CT 06066"
VANESSA361@test.com,"2 Summit RoadAlexandria, VA 22304"
SUE362@test.com,"86 Sherman Ave.East Haven, CT 06512"
KRISTEN363@test.com,"714 Bow Ridge DriveMaumee, OH 43537"
ALMA364@test.com,"29 High Point St.Hamilton, OH 45011"
WARREN365@test.com,"374 Elmwood StreetForest Hills, NY 11375"
ELSIE366@test.com,"8511 Indian Summer Ave.Carrollton, GA 30117"
BETH367@test.com,"8076 South Hillcrest StreetKing Of Prussia, PA 19406"
VICKI368@test.com,"9954 Holly Ave.Fairport, NY 14450"
JEANNE369@test.com,"499 Glenwood AvenueWoodhaven, NY 11421"
JEROME370@test.com,"95 Marsh AvenueLithonia, GA 30038"
DARRELL371@test.com,"529 Blackburn DrivePawtucket, RI 02860"
TARA372@test.com,"710 Brandywine RoadBridgeport, CT 06606"
ROSEMARY373@test.com,"1 Griffin St.Attleboro, MA 02703"
LEO374@test.com,"8218 Linden Rd.Newton, NJ 07860"
FLOYD375@test.com,"764 South Hillcrest Ave.Cape Coral, FL 33904"
DEAN376@test.com,"235 Euclid AvenueDeland, FL 32720"
CARLA377@test.com,"9017 Franklin LanePerth Amboy, NJ 08861"
WESLEY378@test.com,"439 Lilac St.Soddy Daisy, TN 37379"
TERRI379@test.com,"20 Hilldale St.Freeport, NY 11520"
EILEEN380@test.com,"9272 Illinois StreetJohnson City, TN 37601"
COURTNEY381@test.com,"425 Parker Ave.Fairfield, CT 06824"
ALVIN382@test.com,"743 Belmont Ave.Windsor Mill, MD 21244"
TIM383@test.com,"785 Bowman St.Rosedale, NY 11422"
JORGE384@test.com,"99 Rockland StreetChippewa Falls, WI 54729"
GREG385@test.com,"95 East Trout St.Prior Lake, MN 55372"
GORDON386@test.com,"431 S. Iroquois St.Westminster, MD 21157"
PEDRO387@test.com,"206 Oakwood Ave.Saint Albans, NY 11412"
LUCY388@test.com,"9041 Hall DriveRahway, NJ 07065"
GERTRUDE389@test.com,"750 Arnold St.Plymouth, MA 02360"
DUSTIN390@test.com,"33 Court LaneNew Britain, CT 06051"
DERRICK391@test.com,"8606 W. Linda St.Pawtucket, RI 02860"
COREY392@test.com,"419 Theatre StreetSpringfield Gardens, NY 11413"
TONYA393@test.com,"2 Leeton Ridge StreetFair Lawn, NJ 07410"
DAN394@test.com,"8082 La Sierra Dr.Orland Park, IL 60462"
ELLA395@test.com,"8188 South Proctor DriveAshtabula, OH 44004"
LEWIS396@test.com,"851 Helen CourtPalatine, IL 60067"
ZACHARY397@test.com,"7693 Old Foster St.Chardon, OH 44024"
WILMA398@test.com,"2 S. Second StreetCary, NC 27511"
MAURICE399@test.com,"421 NW. Beach St.Woodstock, GA 30188"
KRISTIN400@test.com,"565 Joy Ridge LaneBethel Park, PA 15102"
GINA401@test.com,"9336 Olive Ave.Fort Worth, TX 76110"
VERNON402@test.com,"315 Front DriveLititz, PA 17543"
VERA403@test.com,"9729 Lake Forest St.Lemont, IL 60439"
ROBERTO404@test.com,"464 Princeton St.Bowie, MD 20715"
NATALIE405@test.com,"25 Jefferson Ave.Westfield, MA 01085"
CLYDE406@test.com,"8468 Gainsway Rd.Lincoln Park, MI 48146"
