New York,Oklahoma
Los Angeles,Milwaukee
Chicago,Las Vegas
Houston,Albuquerque
Philadelphia,Tucson
Phoenix,Fresno
San Antonio,Sacremento
San Diego,Long Beach
Dallas,Kansas
San Jose,Mesa
Austin,Virginia Beach
Jacksonville,Atlanta
Indianapollis,Colorado Springs
San Francisco,Raleigh
Columbus,Omaha
Fort Worth,Miami
Charlotte,Oakland
Detroit,Tulsa
El Paso,Minneapolis
Memphis,Cleveland
Boston,Witchita
Seattle,Arlington
Denver,New York
Washington DC,Los Angeles
Nashville,Chicago
Baltimore,Houston
Louisville,Philadelphia
Portland,Phoenix
Oklahoma,San Antonio
Milwaukee,San Diego
Las Vegas,Dallas
Albuquerque,San Jose
Tucson,Austin
Fresno,Jacksonville
Sacremento,Indianapollis
Long Beach,San Francisco
Kansas,Columbus
Mesa,Fort Worth
Virginia Beach,Charlotte
Atlanta,Detroit
Colorado Springs,El Paso
Raleigh,Memphis
Omaha,Boston
Miami,Seattle
Oakland,Denver
Tulsa,Washington DC
Minneapolis,Nashville
Cleveland,Baltimore
Witchita,Louisville
Arlington,Portland
New York,Oklahoma
Los Angeles,Milwaukee
Chicago,Las Vegas
Houston,Albuquerque
Philadelphia,Tucson
Phoenix,Fresno
San Antonio,Sacremento
San Diego,Long Beach
Dallas,Kansas
San Jose,Mesa
Austin,Virginia Beach
Jacksonville,Atlanta
Indianapollis,Colorado Springs
San Francisco,Raleigh
Columbus,Omaha
Fort Worth,Miami
Charlotte,Oakland
Detroit,Tulsa
El Paso,Minneapolis
Memphis,Cleveland
Boston,Witchita
Seattle,Arlington
Denver,New York
Washington DC,Los Angeles
Nashville,Chicago
Baltimore,Houston
Louisville,Philadelphia
Portland,Phoenix
Oklahoma,San Antonio
Milwaukee,San Diego
Las Vegas,Dallas
Albuquerque,San Jose
Tucson,Austin
Fresno,Jacksonville
Sacremento,Indianapollis
Long Beach,San Francisco
Kansas,Columbus
Mesa,Fort Worth
Virginia Beach,Charlotte
Atlanta,Detroit
Colorado Springs,El Paso
Raleigh,Memphis
Omaha,Boston
Miami,Seattle
Oakland,Denver
Tulsa,Washington DC
Minneapolis,Nashville
Cleveland,Baltimore
Witchita,Louisville
Arlington,Portland
